Prompt,Completion,Review
kàrí bọ́ni wòó ṣi yáà tọ́jú alẹ̀ ke é má parun?,wòó yáà tọ́jú alẹ̀ kée má parun kí wòó bá lajínlẹ̀,
ṣó ò mọ̀ pé ó kọn dandan kí wo lo ajínlẹ̀ késo alẹ̀ yá fùn?,míì mọ̀ pé ọ́ kọn dandan kọ́ni lo ajínlẹ̀ késo alẹ̀ yá fùn,
ṣalẹ̀ yì san hún gbígbẹ̀n kókò?,"eyò, alẹ̀ san-an hún gbígbẹn kòkó",
è sú wéè mẹ́ran ẹn hún?,ìrètí ni mìí mẹ́ran mi hún ní,
ṣọ̀họn irúgbẹ̀n bẹ́ẹ̀ní í fẹ́ ọmi yóò pọ̀  ke ṣí yáà gbó,"eyò, ọ̀họn irúgbẹ̀n bẹ́ẹ̀ní í fẹ́ ọmi yóò pọ̀  ke ṣí yáà gbó",
ọ̀nà sá ì lò yà í hún kojú ọ̀họn kòkòrò ajẹnirun nóko wa á?,ọ̀nà láíláí nà í lò ní yà hún kojú ọ̀họn kòkòrò ajẹnirun nóko wa ní,
ṣó ò rẹ́fọ̀ọ́ nọ́jà ùgbà ò yú níjọ́sí?,ọjà á kún hún ẹ̀fọ́ tuntun náìpẹ́,
kéè ùdín yà hún í gbáko kabé yá dákoó?,à í gbáko kabé yá dáko kóko ráyè mọ́,
ṣó ò mọ̀ pé agribusiness ká di òwò yòó gbòrò níbé?,agribusiness ká di òwò yòó gbòrò níbé,
kéè ùdín yẹ̀ẹ́ hun ra ẹ̀rọ alábọ́dé rẹ̀n sálẹ̀?,ó núdìí yàá hun ra ẹ̀rọ alábọ́dé rẹ̀n sálẹ̀,
ìlú ọni sọ́ ì ti ṣàjọ̀dún àgbẹ̀ ní kete ọdún?,kete ọdún nà í ṣe àjọ̀dún àgbẹ́ ní ìlú mi ní,
kàrí bọ́ni ọ̀họn àgbẹ̀ ṣí yáà mójútó uhun ọ̀gbìn han kójò bé máà tètè rọ̀ọ́?,ọ̀họn àgbẹ̀ yáà mójútó uhun ọ̀gbìn han kójò má tètè rọ̀ ,
kọ́ í pe kiní wòó rà ijọ́ rẹ̀n-ẹ́n?,ajínlẹ̀ nà í pe kiní mìí rà ijọ́ rẹ̀n,
èlù ọmọ ságùntàn ẹ́ bí?,àgùtàn mi  bí méjì nóṣù yòó kọjá,
ṣẹkà wòó gbẹ̀ néṣìín tètè fù?,mòó gbẹ ẹkà néṣìín àmọ́ éè tètè fù,
ṣọrọ̀ ajé ùlú wa dá nórii ọni yòó bá núfẹ̀ẹ́ uṣẹ́ ọwọ́ ẹ̀ gan-an?,ọrọ̀-ajé ùlú wa dá nórii ọni yòó bá núfẹ̀ẹ́ uṣẹ́ ọwọ́ ẹ̀ gan-an,
kàrí bi ẹ̀ í rèé?,à í rebo ìdánilẹ́kọ̀ọ́ bọ́ni ṣi yá lo ọ̀nà ìbílẹ̀ yà hún mú ọjà pọ̀ sí,
ṣó ò kọn dandan kọ́mọ yorùbá mọ bọ́ni yọ̀ ṣi í tọ́jú adìyẹ ẹ́?,yorùbá gbọ́dọ̀ mọ bọ́ni yọ̀ ṣi í tọ́jú adìyẹ ,
kéè gbé kètè oko yọ̀ọ́ ṣẹ̀ wà àná gbọ̀nrè é?,àgbàrá ká gbé kete oko yọ̀ọ́ ṣẹ̀ wà àná gbọ̀nrè,
urúu ẹ̀ran un sẹ́ í sẹ̀n-ẹ́n?,"à í sẹn adìyẹ, à í sẹn tòlótòló, à í sẹn ẹja, à dè í sẹn ewúrẹ́",
ùrúu ọ̀nà sáà yá lò náti mú kálẹ̀ wa má ṣá?,"kà bèé í lo ọ̀nà àgbẹ̀ ìbílẹ̀, á yáà mú kálẹ̀ wa má ṣá",
ṣó ò mọ bọ́ ṣí tọ́jú adìyẹ àti kùúkú?,"bẹ́ẹ̀ni, mìí bọ́ọ̀ ṣí tọ́jú adìyẹ àti kùúkú ẹ̀",
ṣó ò gbẹlá nígbà yù wó yúko níjọ̀sí?,"mìí yúko níìjọ́sí, mìí gbẹlá ",
ṣojojúmọ́ nùwọ àti ọ̀họn ọmọ ẹ í yé wo tòlótòló yẹn-ẹ̀n?,ojoojúmọ́ nèmí àti ọ̀họn ọmọ mi yé wo tòlótòló wa ní,
ṣiba ẹ kọ́ yẹn bọ́ni yọ̀ ṣí í dáko ìgbà yẹ̀ ní kékeé?,ibami kọ́ wa bọ́ni yọ̀ ṣí í dáko ìgbà mì ní kékeé,
ṣi bọ́ni yọ̀ ṣìí gbẹ hun náyé atíjọ́ yàtọ̀ sí bọ́ni yọ̀ ṣií gbẹ hun náyé òde òní?,bọ́ni yọ̀ ṣìí gbẹ hun náyé atíjọ́ yàtọ̀ sí bọ́ni yọ̀ ṣií gbẹ hun náyé òde òní,
"sẹ̀ ẹ́  yú oko náàná, ṣẹ̀ ẹ́ wú iíjẹ yẹ̀ẹ́ yàá hun gúnyán kẹ́ẹ̀ bá délí àmọ́?","à yú oko náàná, à wú iíjẹ yàá fẹ́ hun gúnyán káà bá délí àmọ́ á padà juyán ìgbà yàá délí",
ṣẹ̀ ẹ́ kẹ́rà bórí ọrọ̀n ìgbà yẹ̀ẹ́ gbẹ kókòò tán?,"ìgbà yàá gbẹ kókòò tán, àá kẹ́rà bórí ọrọ̀n náà",
ṣiye ẹ mú ẹ́ẹ́rà dóngóyárò àti tíì àti mọ̀ríngà ságbo náànọ́n?,iye mi ṣàgbo yọ̀ọ́ mú ẹ́ẹ́rà dóngóyárò àti tíì àti mọ̀ríngà sí náànọ́,
kà í bo yọ̀ọ̀ tẹ̀ í balẹ̀ kọ́ọ̀ bé yá gbẹ pákí?,"kọ́ọ̀ bé yá gbẹ pákí, odò nà í tẹ̀ í balẹ̀ ní",
ṣásìkò  yóò san àti gbẹ ẹkà nà wàá ní?,àsìkò  yóò san àti gbẹ ẹkà nà wàá ní,
kẹ́ẹ̀ hun mọ́tò rọjà nọ́ọ̀sẹ̀ yòó kọjá?,à hun mọ́tò kó ọ̀gẹ̀dẹ̀ wa yòó ká gbó rọjà nọ́ọ̀sẹ̀ yòó kọjá,
kú wè ríi nálẹ̀ ìgbà yì wè í wa ìsẹ́n rẹ̀n?,"kóró uṣẹn mó dè dúdú o, mìí ríi nálẹ̀ ìgbà yì mìí wa ìsẹ́n",
ṣùroǹbó náà yùn?,ùroǹbó náà yùn,
ọ̀họn ọni síjọba ìpínlẹ̀ ṣètò ìdíje hún?,ìjọba ìpínlẹ̀ ká ṣètò ìdíje ńhọ̀nhọn yèé gbẹ iíjẹ,
káà gbúdọ̀ nẹ́ káa ṣí yáa núùnjẹ́ yòó dáa?,"káa ṣí yáa núùnjẹ́ yòó dáa, à gbúdọ̀ nẹ́ irúgbìn yóò dáa",
ṣọ̀họn yèé ta ajínlẹ̀ mọ ìyín yòó san hun oríṣíríṣí ohun ọ̀gbìn?,ọ̀họn yèé ta ajínlẹ̀ mọ ìyín yòó san hun oríṣíríṣí ohun ọ̀gbìn,
kée ìyàtọ̀ nẹ́ẹ̀rín ajínlẹ̀ àti apòpò ó?,"ajínlẹ̀ é mú un àgbẹ̀ í dáa, apòpò né í pa koríko ní",
ibo sí táyé go ìgbà yè í rọjà?,táyé go ẹ̀gbẹ́ sáílò ílá rẹ́n ìgbà yè í rọjà,
ṣọ̀họn àgbàlígbà ye níbẹ̀ né kọ́ni bọ́ni yọ̀ ṣí yáà lo alẹ̀ lúkàlúkà?,ọ̀họn àgbàlígbà níbẹ̀ né kọ́ni bọ́ni yọ̀ ṣí yáà lo alẹ̀ lúkàlúkà,
ẹlẹ́rọ nílí ìgbà yòó yá lọ pákí nẹ́rọ àná-àn?,mìí yá lọ pákí nẹ́rọ àná àmọ́ ọ̀nẹ́ẹlẹ́rọ sí ń lí,
ṣẹ̀rọ yọ̀n hun í lọ ita yàtọ̀ sí ìyí yọ̀ọ̀ hun í lọ pákí?,ẹ̀rọ yọ̀n hun í lọ ita yàtọ̀ sí ìyí yọ̀ọ̀ hun í lọ pákí,
kéè ọ̀nà yọni yáà gò kọ́ni bé yá tálẹ̀?,ọni yá gbéhun alágbàtà kée bọ́ni tàa,
káà hun í wako nọ́nà ìbílẹ̀ ẹ́?,ọkọ́ nà hun í wako nọ́nà ìbílẹ̀ ní,
kọ́ọ̀ hun í wako nọ́nà ìgbàlódé?,katapílà nà hun í wako nọ́nà ìgbàlódé ní,
ṣọ́ni yáà rí ìrànlọ́wọ́ gbà nọ́dọ̀ ìjọba kée bé á gbẹká?,"bẹ́ẹ̀ni, ọni yáà rí ìrànlọ́wọ́ gbà nọ́dọ̀ ìjọba kée bé á gbẹká",
ṣọjà ni adémilúkà ṣi ra kete èso yòó gbẹ́ ní?,ọjà ni adémilúkà ṣi ra kete èso yòó gbẹ́ ní,
è sé yáà ṣàlàyé hún mi bọ́ni ṣi yáà ṣe un ùnjẹ họ́nhọn àgbàlígbà nókò?,"èmi, mìí yáà ṣàlàyé hún ọ bọ́ni ṣi yáà ṣe un ùnjẹ họ́nhọn àgbàlígbà nókò",
ṣalákọyìn wá níjẹ̀ta?,alákọyìn wá níjẹ̀ta,
kée ùdín ọ̀họn àgbẹ̀ kọ̀ọ̀kàn má mọ̀ nípa pakopako yòó dáa hún oko wọn-ọ́n?, ọ̀họn àgbẹ̀ kọ̀ọ̀kàn mọ̀ nípa pakopako yòó dáa hún oko wọn-ọ́n torí ọ́ọ̀ yúbi ìdánilẹ́kọ̀ọ́,
ṣiye aìna í rọjà ọ̀la?,iye aìna í re ọjà ọ̀la,
ṣàwa ọmọdé í ran ọ̀họn òbí ọwọ́ násìkò ìsinmi?,àwa ọmọdé í ran ọ̀họn òbí ọwọ́ násìkò ìsinmi,
kú wè nídì àti ríi dájú pé wòó bí ọ́n ò bá yọ́jàá?,"ò bá yọjà, ríi dájú pé wòó bí ọ́n nípa ọjà tuntun rẹ̀n",
kàrí bi yẹ̀ẹ́ kẹ́rùn rẹ̀ sí?,ẹ̀yìnkùlí nàá kẹ́rùn rẹ̀n sí ní,
ṣòbúkọ náà í rùn-ún?,òbúkọ náà í rùn,
kéè wọ́pọ̀ nánà òkè ọ̀kà?, ìjàmbà ọkọ̀ pọ̀ nánà ọkè ọ̀kà,
kí mì hun ánkọ́rọ́ ká nínọgbà?,mìí hun ánkọ́rọ́ ká kòkó nínọgbà,
ọ̀họn ọni sé ì ṣosu nẹ́yìnkùlí?,ọláéèbúnú àti súnkànmí í ṣosu nẹ́yìnkùlí,
"mìí wá ni yèé sẹn ẹlẹ́dẹ̀, ṣẹ̀ ṣì í sẹn ẹlẹ́dẹ̀ kọ?","bẹ́ẹ̀ni, à í sẹn ẹlẹ́dẹ̀",
ulí ọni sí tọ́lá yá ra gàrí?,"tọ́lá yú ilí ọlọ́bìnrinlẹ̀ àná, ó yá ra gàrí",
ṣìyá yèé bá wa í dẹ́n gàrí wá òórọ̀ nìí?,ìyá yèé bá wa í dẹ́n gàrí wá òórọ̀ nìí,
ṣadébáyọ̀ hún ewó ránṣẹ́ pẹ̀lú Opay?,adébáyọ̀ hún ewó ránṣẹ́ pẹ̀lú Opay,
wò ó ká gbìyànjú Palmpay kọ́ọ̀?,míì ṣì gbìyànjú Palmpay àmọ́ mìí ká gbọ́ pé ó rọrùn,
ṣọ́ni yáà hún ewó ránṣé pẹ̀lú Kuda ná ì sí ìdẹ̀wọ̀ kànkàn?,wòó yáà hún ewó ránṣé pẹ̀lú Kuda ná ì sí ìdẹ̀wọ̀ kànkàn,
kéè ápù mìí yá kọ́ bọ́ni ọ̀ ṣìí lo hún ìṣòwò?,mìí nẹ́ àti kọ́ bọ́ni ọ̀ ṣìí lo ápù Kuda hún ìṣòwò,
wòó ká gbọ́ bẹ́ni ọ̀n ṣíí yáwó ní ilé ìfowópamọ́ wa?,rárá mí ṣì gbọ́ bẹ́ni ọ̀n ṣíí yáwó ní ilé ìfowópamọ́ yẹn,
"ewó epo ká họ́n nú, kà rí bi ùlú yìí rèé?","ewó epo ká họ́n nú, á dè mọ ibi ùlú náà í rè ",
ṣọni mìí báfọ̀ ni Zenith bánkì fọ̀ í pé ọ̀ í mú lóònù hún ilé-iṣẹ́ kékèké ọ́wọ́?,ọni mìí báfọ̀ ni Zenith bánkì fọ̀ í pé ọ̀ í mú lóònù hún ilé-iṣẹ́ kékèké nọ́wọ́nọ́wọ́,
ṣewó oṣù mi ká wọlí-ìn?,"ewó oṣù mi ṣì wọlí, ẹ̀ mú í mi ni àkókó díẹ̀",
kàrí ibo mìí ṣi yáà bẹ̀rẹ̀ ìdókowò?,ibo ó bá rè mi ni mìí ṣi yáà bẹ̀rẹ̀ ìdókowò ní,
kí mì rà nẹ́dínwó nọ́jà yòó kọjá?,mìí ra ṣúgà nẹ́dínwó nọ́jà yòó kọjá,
ṣọ̀-ọ́n bú méwó gáàsì níbi à ṣi í ra a rẹ̀n?,"ọ̀n bú méwó gáàsì níbi à ṣi í ra a rẹ̀n, ebùrú ne me yẹ́n-ẹ̀n ní",
"èyé bàsírà, kéè ùdín ewó epo ká dè họ́n nù báì?",mí mọ̀ ùdín yewó epo ṣí họ́n nù báì,
ṣewó yìí mí yá dá hún àjọ oṣù yìí pọ̀nù?,ewó yìí mí yá dá hún àjọ oṣù yìí pọ̀nù,
ijọ́ ní sú wéè gbewó ní bánkì?,mì yá gbewó ní bánkì àná,
ṣì mí rí àtẹ̀jíṣẹ́ kàn nórí fóònù náti ọdọ̀ọ GTbánkì pé ọ̀n ká mú lóónù mìí bèrè hún huń mi?,mìí dédé rí àtẹ̀jíṣẹ́ kàn nórí fóònù náti ọdọ̀ọ GTbánkì pé ọ̀n-ọ́n ká mú lóónù mìí bèrè hún huń mi,
ṣò ó mọ bọ́ni ọ̀ ṣi í lo MoneyGram ati fewó ránṣẹ́ sókè òkun?,mìí mọ bọ́ni ọ̀ ṣi í lo MoneyGram ati fewó ránṣẹ́ sókè òkun,
kó oṣìṣẹ́ bánkì náà fọ̀ hàn mi nípa ọ̀họn ànfàní rẹ̀n?,oṣìṣẹ́ bánkì náà fọ̀ hàn mi pé ọ̀họn ànfàní rẹ̀n ká dálẹ̀,
kí iye mi fọ̀ hún mi nípa ewó yọ̀ọ́ bá mú í mi?,iye mi fọ̀ hún mi pé kí mi tọ́jú owó yọ̀ọ́ bá mú í mi dáadáa,
ṣẹ̀mí mi fọ̀ hàn mi péwó epo yòó gbéwónórí é walẹ̀ ná ì pẹ́?,ẹ̀mí mi fọ̀ hàn mi péwó epo yòó gbéwónórí é walẹ̀ ná ì pẹ́,
kée kete ọni í wá kọ́ni yá rayè kéwó jọ ọ́?,"kete ọni í wá bí àjọ ṣí yáà ránhọn ọwọ́, kọ́ni yá rayè kéwó jọ",
ṣi kete ìgbà iye mi bá yọ́jà né í nọ́jà?,kete ìgbà iye mi bá yọ́jà né í ná ọjà ní,
wòó yáà rànmi ọwọ́ pẹ̀lú ewó àjọ́ kọ?,"rárá, mábúnú, mí ì néwó",
"kí mì rí, mí ṣi mọ̀ pé ewó wa ká pàdánù iye?","ìgbà yì mìí rí pàṣípàrọ̀ ewó wa sí dọ́là, mìí mọ̀ pé ewó wa ká pàdánù iye",
"yàtò sí kọ́ni a kéwó pámọ sí bánkì déédé, kó dè yẹ kọ́ni ka ṣe é?","yàtò sí kọ́ni a kéwó pámọ sí bánkì déédé, ó dè yẹ kọ́ni ka ìnfẹ́stì sí ọ̀họn idóko-òwò míì",
ṣiba mi yú ọ́físì ọ̀họn ìnṣọ́ránsì ní oṣù ṣẹẹrẹ?,"iba mi yú ọ́físì ọ̀họn ìnṣọ́ránsì ní oṣù ṣẹẹrẹ, e dé í re ibẹ̀ ọ̀la",
ọjọ́ sú wé bẹ̀rẹ̀ èsúsú?,"ọjọ́ kíní, osù kíní ọdún 2026 ni mìí bẹ̀rẹ̀ èsúsú ní",
ṣé ó dè nídì kọ́ni ka yú bánkì ṣáṣáṣá kée bé yá ṣe ǹkànkàn ní bánkìí?,"é dè nídì kọ́ni ka yú bánkì ṣáṣáṣá, ọni yá lo ápù bánkì rẹ̀ hún kete hun yè bé á ṣe",
ṣulí ìtajà mí rérè díẹ̀ nóṣù yòó kọjáà?,"eyò, ulí ìtajà mí rérè díẹ̀ nóṣù yòó kọjá",
ṣìjọba àpapọ̀ fọ pé ewó-orí á gòkè síì ni oṣù ṣẹẹrẹ?,ìjọba àpapọ̀ fọ pé ewó-orí á gòkè síì ni oṣù ṣẹẹrẹ,
è sé í ṣe ìṣúná dáa yèé júu mọ bọ́ni è ṣì néwó?,"bí táyọ̀ ṣe í ṣe ìṣúná dáa, é í júu í mọ bọ́ni è ṣì néwó",
ṣì wó mọ̀ pé wòó yáà ra bitcoin wò bá lo bánkì?,mìí mọ̀ pé mìí yà ra bitcoin mòó bá lo bánkì,
si titá ọjà nóri ẹ̀rọ̀ àyélujára ká gbòde káàkiri?,titá ọjà nóri ẹ̀rọ̀ àyélujára ká gbodé káàkiri,
ápù sí bọ́lájí í lò nàti ra àwọn kóínì í?,bọ́lájí í lo ápù Roqqu nàti ra àwọn kóínì,
ṣi ATM ká gbewó ẹ jẹ́ ríì?,"bẹ́ẹ̀ni, ATM ká gbéwó mi jẹ rí",
ṣì mò rí àlátì ewó kàn àná yìi míì mọni yòó sẹ́ẹ́ndì ewó náàn?,"ń mò rí àlátì ewó kàn àná, míì mọ ọni yòó sẹ́ẹ́ndì ewó sí mi",
ṣọ̀gbẹ́ni fẹ́mi í kọ́ni nípa bọ́ni ṣi yáà ṣe ìṣúná ewó ọni,ọ̀gbẹ́ni fẹ́mi í kọ́ni nípa bọ́ni ṣi yáà ṣe ìṣúná ewó ọni,
urúu Fintech sé è yí bá ṣií ṣàkóso ewó ní Africa?,Fintech bíi Flutterwave ká yí bá ṣií ṣàkóso ewó ní Africa,
àyẹ̀wò ké è yẹ kó o ṣe kú we ṣí bẹ̀rẹ̀ sí ní tírédì í?,ṣàyẹ̀wò ọjà kú we ṣí bẹ̀rẹ̀ sí ní tírédì,
kéè yẹ kóo bèrè hún wò bá rẹrù yòó lálaá?,máà gbàgbé àti bèrè hún ẹ̀díwó wòó bá rẹrù yòó lála,
ṣó yùn mọ́ mi pé mìí rénì nórí ọjà mìí rà?,ó yùn mọ́ mi pé mìí rénì nórí ọjà mìí rà,
ṣi demíládé fọ̀ pé uhun yáà rí bẹ́nìí títí doṣù yèé wa,demíládé fọ̀ pé uhun yáà rí bẹ́nìí títí doṣù yèé wa,
ṣé kọ́ni ṣètò hún násìkò ajé nira ṣi pàtàkì?,kọ́ni ṣètò hún násìkò ajé nira ṣe pàtàkì,
ijọ́ sú wè gbewó ní bánkìí?,mìí gbewó ní bánkì nọ́jọ́ ajé,
ṣò ó nẹ́ ìrírí yòó búru pẹ̀lú lílò ápù Mobile Bank hún ìdóko-òwò,míi nẹ́ ìrírí yòó búru pẹ̀lú lílò ápù Mobile Bank hún ìdóko-òwò,
kéè yẹ kọ́ni ṣe é núgbà ajé máà wá?,"kódà kájé máà wá, wòó ṣàtúpalẹ̀ ìṣúná wa",
ṣilí-iṣẹ́ wa ké é pinu àti néwó sọ́họn tẹkinọ́lọ́gì tuntun rẹ̀n kusẹ́ yáà yá?,"kúṣẹ́ yáà yá, ulí-iṣẹ́ wa ké pinu àti néwó sí àwọn tẹkinọ́lọ́gì tuntun rẹ̀n",
kí mìí á bẹ̀rẹ̀ síí tàá?,ó ṣe pàtàkì torí mìí yá bẹ̀rẹ̀ síí taṣọ,
ṣi tádé lòó ijọ́sí náti sẹ́ǹdì ewó sí iba ẹ̀?,"tádé lòó ijọ́sí, ó hun sẹ́ǹdì ewó sí iba ẹ̀",
èlú ọ̀sẹ̀ sọ́ mú hún ọ kóhun déwó rẹ̀n pàdà?,"à ká gbọ́, àmọ́ ọ̀sẹ̀ kàn nàá mú hún ọ kóhun déwó rẹ̀n pàdà ní",
 ṣó ó ká sún kete ọni?,"ké tété walẹ̀ ní o, ó ká sún kete ọni báì",
ṣò ó réwó mìí hún ránṣẹ́ sí ọ?,"mìí réwó yòó hun ránṣé, ṣere mi",
ṣì mí hun sẹ́ẹ̀ndi ewóò?,"mìí hun sẹ́ẹ̀ndi ewó, é fọ́ni ní wàhálà",
ọ̀họn ọni sú wè bá dúnádúràá?,ọ̀họn alágbàtà nì mí bá  dúnádúrà ní,
èlú sọ́ í ta dísù níyì ilépo Amọ̀ọ́rìn-ín?,ẹ̀gbẹ̀wá náírà nà í ta dísù níyì ilépo Amọ̀ọ́rìn-ín ní,
ọwọ́ ọni sí wò ṣí bèrè èlú yọ̀ í ta díṣùú?,ọwọ́ ṣayọ̀ ni mìí ṣí wò ṣí bèrè èlú yọ̀ í ta díṣùú,
è sé ì ṣuṣẹ́ níbẹ̀ ẹ́?,"ọwọ́ kíkẹ́ ni mìí ṣi bèrè ní,  íbẹ̀ ne ṣi ṣuṣẹ́ ní",
uṣẹ́ si kíkẹ́ í ṣe níbẹ̀ ẹ́?,àkátántì ni kíkẹ́ í ṣe níbẹ̀ ni,
Wò ó mọ̀ ọ̀họn òfin titun nípa ewo-orí?,"eyò, mìí mọ ọ̀họn òfin titun nípa ewó-orí",
ṣì mí gbọ́ nípa bitcoin?,mí mọ̀ nípa òfin titun àmọ mìí gbọ í pé bitcoin ká rodò,
wè í ra bitcoin kọ́ọ̀?,"eyò, mìí ra bitcoin, ó dẹ̀ wọ́n nù",
sì mìí ṣetán àti darapọ̀ mọ́ ẹ̀gbẹ̀ àjọ yè í ṣètò béwó ṣi í wọlí ní àdúgbò wa?,mìí ṣetán àti darapọ̀ mọ́ ẹ̀gbẹ̀ àjọ yè í ṣètò béwó ṣi í wọlí ní àdúgbò wa,
ṣọ́họn yèé tajà nílò àtìlẹ́yìn díẹ̀ násìkò yà wa í?,ọ̀họn yèé tajà nílò àtìlẹ́yìn díẹ̀ násìkò yà wa yí,
ṣòó yáà hun ewó pamọ hún ìrìnàjò kí wọ̀ọ́ bá ṣàjọ hún ìgbà díẹ̀?,wòó yáà hun ewó pamọ hún ìrìnàjò kí wọ̀ọ́ bá ṣàjọ hún ìgbà díẹ̀,
wòó rí àwòrán iye ayọ̀ nọ́jà àná-àn?,mìí ráwòrán iye ayọ̀ nọ́jà àná,
"míì ráwòrán iye-ayò, kèé ṣe?",míiì mọ nhun iye-ayọ̀ se,
ṣó ká dá ewó gbọ́múlé láńtà yòó gbà padàá?,"ó mò gbewó gbọ́múlé láńtà ní, è ṣì sán padà",
kó ì pèní ewó gbọ́múlé láńtà á?,ewó Lápó nà í pè ní ewó gbọ́múlé láńtà,
ṣọ̀họn Lápó í yá ni ewó?,"wéè mọ ǹkankàn, ewó Lápó nọ̀ í pè bẹ́ẹ̀ní, àwọn Lápó í ya ni ewó",
kéè hun ewó rẹ̀n ṣe?,ó hun ewó rẹ̀n rajà,
kí mì gbọ pé ó hun ewó rẹ̀n ràá?,mí gbọ í pé ó hun ra kòkó àmọ ewó kòkó já,
ṣọ́ni á fílì fọ́ọ̀mù ke bé yá gbewó ní káńtà?,"jí mi fọ̀ án ẹ, wàá fílì fọ́ọ̀mù kí wèé bé yá gbewó ní káńtà",
ọni sí mìí wá àtòórọ̀ nìí?,"ó mò sán ni báyìí, à tòórọ̀ ni mì ṣí wá ọmọ oní POS ní",
kéè intírẹ́stì yèé nórí ewó yòó yá?,míì rántí eye ìntírẹ́stì ye nórí ewó yì mí yá,
wòó ká gbìyànjú ẹ̀?,rárá mìí ṣì gbìyànjú ẹ̀ wò,
èlú sú wéè ra góòlù rẹ̀n?,mílíọ̀nù kàn ni mìí góòlù rẹ̀n ní,
ṣọmọge Yorùbá mọ í pé ó pọndandan kée wọ aṣọ ẹbí ní kete ayẹyẹ ìbílẹ̀?,ọmọge Yorùbá mọ í pé ó pọndandan kée wọ aṣọ ẹbí ní kete ayẹyẹ ìbílẹ̀,
"ùgbà í délé í wa nọ́sàn rẹ̀n, ibo sé è gòó?","ùgbà délé í wa nọ́sàn rẹ̀n, ó go iwájú ilí mi kọjà, é dẹ̀ kọ́n nì kànkàn",
ṣi délé nèkọ́?,"délé é nèkọ́ páàpáà, etín ẹ̀ rán nù. é gbétín",
kọ́ọ̀ ṣi í kọ́ni ni yèé ṣẹ̀ í toko i wa á?,míì rántí bọ́n ṣìí kọ́ni yèé ṣẹ̀ í toko i wa,
è sọ́ í kín ní kàbá? è sọ́ í kín ní kèyé?,"ọkùnrẹn nà í kín kàbá ní, ọbìnrẹn nà í kín kèyé ní",
kọ́ ṣi í fọ̀ í pé ọni mò ṣé?,mí mọ̀ bọ́ni ọ̀ ṣi kọ́ni póṣé,
kọ́ í fọ̀ ọ́?,ọ̀ í fọ̀ í pé sere ò olúwàmi,
ọdún sọ́ ì ṣe kọ́n-ọn sí ṣọdún Ṣúpárè deè?,míì rántí ọdún yọ̀ í ṣe kọ́n-ọn ṣí ṣọdún ṣúpárè deè,
ṣọ̀ í gbe olúndolè kọ ṣí ṣọdún Ṣúpárè deè?,ọ̀ í gbe olúndolè kọ ṣí ṣe ọdún Ṣúpárè deè,
kàrí ijọ́ ọdún Ṣúpárè deè bọ́ sí ọdún ní 2026?,ọdún Ṣupárè deè bọ́ sí ọjọ́ kẹ́jọ oṣù ògún  nọdún 2026,
ṣọ̀ ọ́ ṣọdún Ṣupárè deè ní ọjọ́ kẹ́jọ oṣù kẹ́jọ ọdún 2026?,ọ̀ ṣọdún Ṣupárè deè ní ọjọ́ kẹ́jọ oṣù kẹ́jọ ọdún 2026,
ṣoríkì í kú ù?,"oríkì í kú, oríkì é rí bíi èròjà yóò ṣe pàtàkì ní àṣà Yorùbá",
ṣì wọ́ mọ oríkì ulí yẹn?,eyò mìí mọríkì ulí wa,
ṣò ó dè mọ oríkì ulú Ṣúpáè?,"mìí mọ oríkì ulí wa, mìí dè mọ oríkì ulú Ṣúpáè",
è sé e ọlọ́bìnrẹnlẹ̀ẹ́ núlùú Ṣúpáè é? ,olórí ọbìnrẹn ne rè ní,
ṣà í ka ewédú àti àmàlà súǹjẹ nálẹ̀ Yorùbá?,à á ka ewédú àti àmàlà súǹjẹ nálẹ̀ Yorùbá,
"nalẹ̀ Yorùbá, ṣó san kọ́ni ju únjẹ nójú oorun?","nalẹ̀ Yorùbá, é san kọ́ni ju únjẹ nójú oorun, é túmọ̀ sí nhun yèé máà san",
kọ́ ọ̀ í pọmọ méjì yọ̀-ọ́n bá bí nẹ́ẹ̀kàn?,ọmọ méjì yọ̀ọ́ bá bí nẹ́ẹ̀kàn náà nà í pè ní ìbejì ní,
kọ́ ọ̀ í pọ̀mọ̀ yọ̀-ọ́n  bí nẹ́yìn ìbejìí?,ìdòwú nà í pe ìyí yọ̀ọ́ bí tẹ̀lé wọn ní,
kọ́ ọ̀ ì pọmọ ọmọ yọ̀-ọ́n bí tẹ̀lé ìdòwú?,Àlàbá nà í sọmọ yọ̀ọ́ bí tẹ̀lé Ìdòwú ní,
kọ́ ọ̀ ì pọmọ ọmọ yọ̀-ọ́n bí tẹ̀lé àlàbá?,ìdògbé nà í sọmọ yọ̀ọ́ bí tẹ̀lé Ìdòwú ní,
"kára ọni bá má yá, kọ̀ í mú hún ọni ọn bé má gbé e yú ilé-ìwòsàn-án?",àgbo nà í mú hún ọni ara ẹ̀ bé má yá ké bé má fẹ́ yú ilé-ìwòsàn ní,
kọ́n mú nhun ọ ùgbà ara ẹ̀ máyàá?,àgbo nàá mú hún mi ùgbà ara mi má yàá,
ṣàṣà í yípadà  kéyà bágbà múu?,"àṣà é è parun, e kọ̀ í yípadà ní kéyà bágbà mu",
wòó ká gbọ́ orin Ayo Balogun yòó fọ̀ nípà èdè àti àṣà Yorùbá?,míì ṣì gbọ́rin Ayo Balogun yòó fọ̀ nípà èdè àti àṣà Yorùbá,
ṣì mó mọ̀ pé àá fẹ́ràn àṣà wa?,"míì mọ ni yèé jẹ́ bẹ́ẹ̀, àmọ́ mìí mọ̀ pé àá fẹ́ràn àṣà wa",
ṣẹ̀kọ́ san hún ọni kée yáà dàgbà dáadáa á?,ẹ̀kọ́ san hún ọni kée yáà dàgbà dáadáa,
wòó fẹ́ kọ́n-ọn ka kọ́ èdè Yorùbá ní ṣùkúù?,"eyò, mìí fẹ́ kọ́n-ọn ka kọ èdè yorùbá ní ṣùkúu",
kọ́họn ulé-uṣẹ́ ẹ̀kọ́ yáà ṣe kọhún gbé ẹ̀kọ́ nárugẹ ẹ́?,ọ̀họn ulí-uṣẹ́ ẹ̀kọ́ yáà mú àwọ́dù hún ọ̀họn akẹ́kọ̀ọ́ yòó ṣáná kọhún gbé ẹ̀kọ́ nárugẹ,
ṣọ̀họn òbí mọ́mọ họ́n yú ulí-ìwé èdè òyìnbó náti kékeé?,ọ̀pọ̀lọpọ̀ ọ̀họn òbí à ti kéeké nà ṣìí mọ́mọ họ́n yú ilé-ìwé èdè òyìnbó ní,
ṣàti ilí nọni ṣií káṣà àti kàwé ní?,àti ilí nọni ṣií káṣà àti kàwé ní,
"ṣe kọ́họn olùkọ́ ṣí yá kọ́ni dáadáa, ọ̀n-ọ́n nẹ àti núfẹ̀ sẹ́kọ̀ọ́?","kọ́họn olùkọ́ ṣí yá kọ́ni dáadáa, ọ̀n-ọ́n nẹ àti núfẹ̀ sẹ́kọ̀ọ́",
ṣùkúù sí wèé yú?,òkédè grammer school ni mìí yú,
ọ́físì ọni sí ṣọlá í rè ọ̀laá?,ṣọlá í re ọ́físì ọlùkọ́ àgbà ọ̀la,
ibo sí kányin í yú  àná?,"kányin yú lábù àwọn ọmọ sáyẹ́nsì àná, ọ́n gbà kée wọlí",
kéè ùdín ọn má ṣi gbà kée wọlí sí lábù àwọn mọm sáyẹ́nsìí?,ọ́n gbà kée wọlí torí é ì sọmọ kílásì ìmọ̀ sáyẹ́nsì,
ṣi kọ́lá múwé èdè gẹ̀ẹ́sì ẹ̀ hún mi ìgbà à í relí àná?,kọ́lá múwé èdè gẹ̀ẹ́sì ẹ̀ hún mi ìgbà à í relí àná,
kú wè kọ́kọ́ ṣe ìgbà wó wọlí sí JS 1?,mí gbé lọ́kà mi náti ọ̀dọ kápíntà lórí yú ṣùkúù,
yunifásítì wo nó rè ọ àti yú kú wèé bé yá yú yunifásítì?,yunifásítì ti ìbàdàn nó rè mi àti yú kú mìí bé yá yú yunifásítì ní,
"ọjàa bo síye ẹ ṣi rá bẹ́rò, ìwé àti pẹ́ẹ́nsù hún ọ","iye rá bẹ́rò, ìwé àti pẹ́ẹ́nsù hún mi náti ọjà ìlẹ́mu",
kọ́ọ̀ fọ̀ í pé kí mi fọ̀ hún ìye mìí?,"fọ̀ hún ìye ẹ̀ kée ra aṣọ ṣùkúù ọ̀míẹ̀ hún ọ̀, má dè wọ ìyí yòó ká fàya",
ṣọ̀họn àgbàlígbà yáà tẹ̀síwájú ní ẹ̀kọ́ wọn kọ̀n-ọ̀n bá lo ètò ayélujára?,ọ̀họn àgbàlígbà yáà tẹ̀síwájú ní ẹ̀kọ́ wọn kọ̀n-ọ̀n bá lo ètò ayélujára,
"ṣẹ̀kọ́ yùn, ṣé ì gbọ́ni débi gíga, ṣe é í sọni dọni di nílá?","ẹ̀kọ́  yùn, é ì gbọ́ni débi gíga, e í sọni dọni ńlá",
kàrí bọ́ni ṣùkúù yẹn ṣi í tọ́jú ọ̀họn akẹ́kọ̀ọ́ yòó mọ̀wé buúkúbuúkú?, ṣùkúù wa í tọ́jú ọ̀họn akẹ́kọ̀ọ́ yòó mọ̀wé buúkúbuúkú nipa múmú ewó hún họn,
ṣi mínísítà hún ètò ẹ̀kọ́ fọ̀ í pé ọ̀n-ọ́n yá bẹ̀rẹ̀ ètò ẹ̀kọ́ ọ̀fẹ́ họ́nhọn ọmọ ilé-ẹ̀kọ́ alákọ́bẹ̀rẹ̀?,mínísítà hún ètò ẹ̀kọ́ fọ̀ í pé ọ̀n-ọ́n yá bẹ̀rẹ̀ ètò ẹ̀kọ́ ọ̀fẹ́ họ́nhọn ọmọ ilé-ẹ̀kọ́ alákọ́bẹ̀rẹ̀,
ṣi ṣùkúù mi nẹ́tò yọ̀ hún mójútó ọ̀nkà àti ìwé?,ṣùkúù mi nẹ́ ètò yọ̀ hún mójútó ọ̀nkà àti ìwé,
ṣí kọ́ọ kọ́ni ní ìmọ̀ kọ̀mpútà pé ni náyé òde-òní?,kọ́n-ọn kọ́ni ní ìmọ̀ kọ̀mpútà pé ni náyé òde-òní,
ṣé ó yẹ kí ìfẹ́ ọ̀họn àgbàlúgbà àti kàwé dẹ́n?,é yẹ kí ìfẹ́ ọ̀họn àgbàlúgbà àti kàwé dẹ́n,
ṣi kọ́n -ọn ka kọ́ni ní sílábọ́sì ilẹ̀ òkèrè san?,kọ́n -ọn ka kọ́ni ní sílábọ́sì ilẹ̀ òkèrè é san,
kí ìwádìí hún hàn nípa ọ̀họn ọni yòó kẹ́kọ̀ọ́ dé ulí-ẹ̀kọ́ gígà náwùjọ?,ìwádìí hún hàn pé ọ̀họn ọni yòó kẹ́kọ̀ọ́ dé ilé-ẹ̀kọ́ gígà nó ṣe pàtàkì náwùjọ,
Ṣọ̀họn olùkọ́ ulí-ẹ̀kọ́ yẹn mọ̀ nípa tẹkinọ́lọ́gì nínẹ̀kọ́?,"eyò, ọ̀họn olùkọ́ ulí-ẹ̀kọ́ wa mọ̀ nípa tẹkinọ́lọ́gì nínẹ̀kọ́",
kàí fọ̀ pé à í yá ṣe nágbègbè wa?,àí fọ̀ bá ṣi yáà pèsè hún ọni ye má yáà kọ tàbí kà ní agbègbè wa,
kée ùdín yò hun í yú ṣúkùú?,mìí yú ṣùkúù kí ń yá rayè kẹ́kọ̀ọ́,
kée ùdín yọ̀ọ́ hun lé ọpẹ́ gbọ̀nè súlì?,ọ̀n-ọ́n lé ọpẹ́ gbọ̀nè súlì torí é ṣì san owó ṣùkúù ẹ̀,
kọ́pẹ̀ ṣe ọ̀ ṣi le é padà súlì?,ọ̀n-ọ́n le ọpẹ̀ padà súlì tórí pé é ṣerun ẹ̀,
Wò ó mọ̀ pé ọ̀họn akẹ́kọ̀ọ́ í kẹ́kọ̀ọ́ nórí ayélujára?,"eyò, mìí mọ̀ pé ọ̀họn akẹ́kọ̀ọ́ í kẹ́kọ̀ọ́ nórí ayélujára",
ṣó yẹ kọ́n-ọn akẹ́kọ̀ọ́ kọ́ nípa èdè àti àṣà họn?,ó yẹ kọ́n-ọn akẹ́kọ̀ọ́ kọ́ nípa èdè àti àṣà họn,
"ṣóríṣíríṣí kọ́sì ne ní yunifásítì ní, àti pe ṣọ́ni yà kọ́ ìyí yòó bá rèe?","oríṣíríṣí kọ́sì ne ní yunifásítì, wòó yà kọ́ ìyí yòó bá rè ọ",
ṣètò ìlànà ẹ̀kọ́ hún sáà ká nódèe?,"ètò ìlànà ẹ̀kọ́ hún sáà ká nóde, mìí ríi ìjẹ́ta",
kàrí ibi yòó ṣi rí ètò ìlànà ẹ̀kọ́ ná-àn?,mìí rí ètò-ìlànà ẹ̀kọ́ rẹ̀n nórí pọ́tà mi,
kí mẹ́dùn fẹ́ yàá ṣe é?,"mẹ́dùn fẹ́ yàá san ewó ṣùkúù ẹ̀, kée yáà rayè rẹ́gístà kọ́sì hún sáà yìí",
kọ́ọ̀ fọ̀ hun ìgbà yòó yú kàféé?,"àmọ́ ìgbà yòó dé kàféè, ọ̀ọ́ fọ̀ hun pé pọ́tà ká kílósì",
kóni kàféè náà fọ̀ọ́?,oni kàféè náà fọ̀ í pé é yà sanwó àyàfí ó bá sanwó èlé hún pípẹ́ sanwó,
kí wèé yá dà nọ́jọ́ ọ̀la?,mìí da dókítà nọ́jọ̀ ọ̀la,
kèé kílásì yòó rè ọ́ jù ní ṣùkúù yẹn?,kílásì ìtàn nó rè mi jú ní ṣùkúù ní,
ṣì wó darapọ̀ mọ́ kúlọ́bù kànkàn ní ṣùkúù?,"rárá, míì darapọ̀ kúlọ́bù kànkàn ní ṣùkúù",
kéè olùdarí kílásì wa yá yá ní kílásì kejì?,olùdarí kílásì wa ká yàá yá dọ́sítà ní kílásì kejì,
è ṣée gbúhùnjẹ wá sí ṣùkúù onìi?,"tọ́ba gbúhùnjẹ wá sí ṣùkúù oní, mìí ewó únjẹ nẹ́",
è sé fọ̀ ní pé nhùn ṣì kà nkànkàn?,"àí gbáradì hún ìdànwó yèé wa, kẹ́hìndé fọ̀ í pé nhún ṣì kà kànkàn",
ibo sọ́n-ọ̀n lèsì ìdánwò àṣekágbá rẹ̀n sí?,"èsì ìdánwò àṣekágbá ká nóde, ara nótísì bọdù nàá lẹẹ̀ sí ní",
"olùkọ́ ìṣirò fọ̀ í pé káa ṣuṣẹ́ kàn, míì rántí iṣẹ́ náà, ṣù wó rántí ì?",eyò mìí rántí uṣẹ́ olùkọ́ ìṣirò fọ̀ í pé kaṣe,
"mìí relí mi kì ń bá i ṣe tán, ṣù wá wélé mi?","eyò, màá wélé ọ relí",
ká fẹ́ yá ṣe nókò ọ̀la?,"àí rọkọ ọ̀la, àí yàá kẹ́yìn",
ṣé ìyẹ́n gan-an nì mìí fẹ́ ní?,"ìyẹ́n-ẹ̀n gangan ní mìí fẹ́ ní, míì fọ́míẹ̀",
kée fa kete yí?,ewó ye má sìí nó mò fa kete yí ní,
kée ọmọ yọ̀ọ́ gbépọ̀n má mọ̀ ọ́?,"ọmọ yọ̀ọ́ gbépọ̀n, é mè mọ̀ pọ́nà sín",
ṣò ó yà rẹ́rùn débi wè ṣí á résan?,"wé yà rẹ́rùn débi wè ṣíi résan, mí nẹ̀ sísì ",
kí mìí ṣe àtòórò nìi?,"mìí ké rẹ̀n àtòórọ̀ nìí, ó mò dè sín ò",
Wè í rebo ọ̀ọ́rọ̀ ọ̀la à? ,mì yá rán-anṣẹ́,
kí mì yá hun ìkẹ̀tẹ́ rẹ̀n ṣe é?,"kàrí bo wòó gbé ìkẹ̀tẹ́ rẹ̀n sí, mìí á lòo, kí n hun dáná",
ulí ọni sí mì sáré yú?,"mìí sáré délíi bàbá ìjọ, mìí yú bẹ̀ àná, ó fọ̀ pé kí n wá òni í",
"kú weé yá ṣe nílí ọhọn ọlá, ṣí mi fọ̀ pè kóo má dè yú bẹ̀?",míì yulí ọ̀họn ọlá,
ibo sádògán rẹ̀n wa?,gbé àdògán yèé ní kíṣìnì rẹ̀n wá hún mi,
káà fẹ́ yàá wò ó?,"wélé mi, àí yàá wo ọ̀pẹ ye ní ibẹ̀rèn",
ọni sé yẹ kí mi mọ́wọ́ ẹ̀ nẹ́ à bé yá fònà-án?,"mójútó àbúrò ẹ ,mọ́wọ́ ẹ̀ nẹ́ wè bé yá fònà",
"kéè orúkọ̀ ẹ́?, ọmọ ọni sú wé rèé?",bisi nì mìí jẹ́ ní,
"ihá ye ní èhìnkúlí rẹ̀n, wòó sa nórùn oni i?",mìí sá ihá yení èyìnkúlí nórùn,
kọ́ fọ̀ pé kí mí yà á ṣí nọ́jàá?,gbọ̀nrè sọ́jà wá hún mi kóo ṣí àmọ́ igba náírà wá ,
"kéè ṣi ọ̀ wèé ké, è sé e lù ọ?",ibamí nó lù mi ní,
"wòó dè gbójú mọ́ lẹ̀kùn, wéè réjú kọ́ọ̀?","mìí réjú, míì wo bi mìí rè ní",
urúu ewé sọ́nì kí mi jáwé nínọ́gbàá?,"re inú ọgbà, kóo jéwé òrúnmábà wá hún mi",
àdín mìí mú nẹ́ rẹ̀n si kọ́?,míì mọ̀,
wòó bá mi ri gílásìsì miì? ,míì mọ bo yẹ̀ẹ́ mu sí,
kọ́nìí kí mi yá wò nínú pálọ̀, ọ̀ ní kí mi yá wago wá ní pálọ̀,
kée kà bàkùú?,"ó mò dè ṣe ọ́, wòó dè kàwé bàkù!",
ṣinú ẹ̀ ṣú?,inú ẹ mò dè ṣú ò!,
kọ́nìí kí mi gbé nórí?,"gbé igi rẹ̀n nórí, kóo ṣí gbe, kọ́kọ́ ṣu òsùká ẹ",
káà yá jẹ onìi?,"yàá bẹ iíjẹ, iyán nàá jẹ onìi ní",
ṣọ̀ ọ́ mú iṣẹ́-àmúrelé hún ọ?,"rárá, ọ́ọ̀ mú iṣẹ́-àmúrelé hún mi",
ké à ṣọni bé máà mú kádìì ẹ̀ wá?,"ọni e bé máà mú kádìì ẹ̀ wá, ó ru póò nìyẹ́n-ẹ̀n ní",
sí tíṣà lù mi torí míì nẹ́wèé?,fọ̀ han iba ẹ́ pé tíṣà lù ọ́ torí wéè nẹ́wèé,
wòó ká gbómi mìí má hun fínrá mi kaná-án?,"eyò, mìí ká gbomí rẹ̀n kaná",
ṣó yẹ káa gbẹ́rùn rẹ̀n yẹ́rọ onìi?,ó yẹ káa gbẹ́rùn rẹ̀n yẹ́rọ onìi,
